{"train_samples_per_second":11.267,"total_flos":9.56317247424e+11,"train/global_step":18,"eval/steps_per_second":6.734,"_step":5,"train/learning_rate":8.888888888888888e-06,"eval/samples_per_second":77.438,"_wandb":{"runtime":23},"eval/runtime":0.297,"train_steps_per_second":0.768,"train/grad_norm":2.309096574783325,"eval/precision":0,"eval/f1":0,"eval/loss":1.900516390800476,"_timestamp":1.7563749796886666e+09,"_runtime":22.542239,"train_runtime":23.4303,"train/epoch":3,"train/loss":1.722,"train_loss":1.6732472843594022,"eval/recall":0,"eval/accuracy":0}