{"eval/loss":1.0530147552490234,"eval/accuracy":0.45555555555555555,"eval/steps_per_second":2.65,"train/epoch":2.888888888888889,"train_steps_per_second":0.313,"_step":9,"train/loss":1.0538,"eval/runtime":4.529,"train/grad_norm":2.062084913253784,"total_flos":3.8582539632e+12,"train_runtime":210.925,"eval/f1":0.2851569126378287,"train_samples_per_second":5.12,"train/learning_rate":2.7118644067796613e-06,"_wandb":{"runtime":1737},"train_loss":1.0590611660119258,"train/global_step":66,"_runtime":1736.1662244,"eval/samples_per_second":19.872,"_timestamp":1.7564788197764924e+09,"eval/recall":0.45555555555555555,"eval/precision":0.20753086419753086}